crop_id,crop_name,planting_summary,fertilization_summary,harvest_summary,watering_summary,market_price_summary,localization_priority
PHC001,Rice,North: Jun-Jul main / Dec-Jan second; South: Nov-Jan main / Jun-Jul second,"Basal/early, active tillering, then panicle-initiation split only as diagnosed",North: Oct-Dec main / Apr-May second; South: Apr-Jun main / Oct-Dec second,AWD trigger-based; not fixed times/day; protect flowering; stop ~1-2 weeks before harvest,DA Bantay Presyo rice table; 2026-08-13 visible premium local quotes ~PHP45-57/kg across monitored markets,Very High
PHC002,Corn,General main wet-season baseline Apr-May; local regional calendar should override,At planting; ~25-35 DAP; optional pre-tassel split ~40-50 DAP if diagnosed,General main-season Aug-Sep; ~90-120 DAP depending hybrid/use,No fixed daily watering; soil-moisture based; critical at tasseling/silking/grain fill,"Use grain-corn farmgate/PSA or regional DA price, not sweet-corn retail",Very High
PHC003,Coconut,Best established at dependable rain onset unless irrigated,Commonly split annual nutrition around wet-season periods; leaf/soil analysis preferred,Bearing palms harvested year-round at recurring intervals,Young palms: supplemental deep watering during dry spells; mature palms primarily rainfall + supplemental irrigation,Specify fresh nut vs mature nut vs copra; use PCA/PSA/regional farmgate source,High
PHC004,Sugarcane,Common planting range Oct-May,"At planting, ~2 MAP, ~4 MAP; rates based on soil analysis",Typically ~9-12 MAP and aligned with mill schedule,"Not times/day; irrigate by soil moisture, especially tillering and grand-growth stages",Use SRA/mill settlement data rather than ordinary retail PHP/kg,High
PHC005,Banana,Rain-onset preferred for rainfed establishment; irrigated plantations can plant year-round,Start after establishment then small split applications about every 2-3 months as diagnosed,Year-round; first harvest often ~9-15 MAP depending cultivar/system,"Maintain consistent moisture; typically 2-7 day interval equivalent under dry conditions, not a universal times/day rule",DA Bantay Presyo fruit feed; Lakatan visible quote PHP70/kg on 2026-08-10,High
PHC006,Pineapple,Can be scheduled year-round with water/planting material; rainfed planting favors dependable rain,Early establishment feeding then split nutrition through vegetative phase,Indicative 12-18 MAP; heavily affected by flower induction/cultivar,Supplemental soil-moisture based irrigation; avoid waterlogging,Use DA Bantay Presyo/regional feed when listed; capture cultivar/size/location,High
PHC007,Mango,New orchards: establish near rain onset; bearing-tree flowering is a separate managed cycle,"Post-harvest recovery, pre-flowering, then fruit-development adjustment as diagnosed",Use days after flowering and maturity indices rather than a single national month,Young trees need establishment water; bearing orchards irrigate by crop stage/soil moisture,DA Bantay Presyo fruit feed; 2026-08-10 indexed Carabao mango entry showed N/A for the visible market,Very High
PHC008,Cassava,"Rainfed baseline around onset of rains, often May-Jun; local rainfall onset overrides",Basal/early application then ~2-3 MAP split if soil/yield target requires,Typically ~8-12 MAP depending variety/end use,Focus irrigation on establishment; later crop is relatively drought tolerant,Use fresh-market vs industrial/farmgate price separately,Medium-High
PHC009,Sweet Potato,Flexible multiple-season crop if soil is well drained and moisture is adequate,Basal; optional 3-4 WAP supplemental feeding; avoid excessive N,Typically ~3-5 MAP depending variety and market size,"Keep moist during first 1-2 weeks; then irrigate by soil moisture, commonly every 5-10 days if dry",Refresh DA/regional vegetable price feed at runtime,Medium
PHC010,Tomato,Published windows Jan-May and Sep-Oct; low-elevation Luzon commonly Oct-Mar,"At/before transplanting, ~2-3 WAT, then flowering/fruit-set adjustment",First maturity about 55-65 DAT in vegetable roadmap; multiple pickings follow,"Consistent soil moisture; roughly 1-3 day irrigation interval under dry open-field conditions, not necessarily daily",DA Bantay Presyo NCR: Tomato-Avatar about PHP60-70/kg on 2026-08-11,Very High
PHC011,Onion,Typical dry-season planting Dec-Jan; off-season schedules exist in some locations,Basal; ~2-3 WAP/WAT; ~4-6 WAP/WAT; avoid excessive late nitrogen,About 4 months from seedbed/planting in ATI example; common dry-season harvest Mar-May,"Light/frequent, roughly every 3-7 days depending soil; reduce/stop ~10-14 days before harvest",Use live DA vegetable feed; store red/white onion and market separately,Very High
PHC012,Eggplant,All-season under suitable lowland conditions,Basal; ~2-3 WAT; later small splits during continuous harvest if diagnosed,Roadmap maturity about 90-120 DAP; repeated harvest thereafter,"Soil-moisture based, commonly every 3-7 days during dry weather",Refresh DA vegetable feed at runtime and retain market/location,High
